account_id,customer_id,account_type,balance,open_date,status
1,810,Loan,162473.44,2022-12-07,Closed
2,1864,Checking,9232.99,2023-11-29,Inactive
3,164,Savings,173513.29,2016-05-03,Inactive
4,1504,Savings,177777.77,2016-03-20,Closed
5,1513,Checking,84853.36,2023-06-02,Closed
6,1214,Savings,108321.07,2016-12-17,Active
7,1202,Checking,83120.58,2016-11-17,Inactive
8,1330,Checking,127014.53,2016-04-05,Closed
9,458,Checking,146246.81,2019-05-30,Closed
10,1623,Savings,34634.35,2021-09-11,Closed
11,388,Savings,145220.87,2018-09-02,Closed
12,2022,Checking,178489.69,2019-03-09,Inactive
13,1877,Loan,123256.85,2022-04-17,Closed
14,2145,Loan,91413.12,2019-04-02,Active
15,1338,Checking,7176.62,2021-05-27,Closed
16,415,Checking,102282.77,2017-12-27,Closed
17,323,Checking,185451.83,2017-05-28,Closed
18,1237,Checking,79848.29,2023-06-17,Active
19,1053,Loan,130405.53,2018-07-07,Active
20,1776,Savings,158625.78,2018-11-24,Closed
21,1069,Checking,122924.09,2019-12-25,Closed
22,999,Loan,159690.30,2015-08-25,Inactive
23,1938,Savings,152024.17,2021-03-20,Inactive
24,1126,Loan,137617.09,2016-12-07,Active
25,1134,Loan,134123.65,2021-10-20,Closed
26,1633,Savings,135480.75,2020-11-29,Inactive
27,21,Checking,41030.84,2024-07-12,Inactive
28,532,Checking,53044.18,2024-09-13,Closed
29,1304,Savings,43875.40,2022-11-04,Active
30,1330,Savings,12276.35,2022-08-12,Inactive
31,1887,Loan,83863.34,2019-09-03,Closed
32,1347,Loan,77502.42,2017-05-02,Closed
33,52,Checking,67789.49,2020-02-02,Inactive
34,1821,Savings,92120.48,2019-03-23,Closed
35,2044,Savings,106214.19,2024-09-05,Active
36,1598,Checking,80289.11,2023-05-24,Closed
37,322,Loan,97050.97,2016-06-02,Inactive
38,341,Savings,149476.18,2021-11-05,Closed
39,1513,Checking,58010.52,2017-04-30,Inactive
40,1850,Loan,93209.71,2016-07-21,Active
41,683,Loan,70001.09,2021-04-17,Inactive
42,1702,Savings,150153.38,2020-08-18,Inactive
43,2011,Savings,74744.51,2017-12-09,Closed
44,540,Checking,121227.91,2017-06-07,Active
45,398,Checking,43270.23,2017-05-16,Active
46,1186,Savings,172911.10,2024-05-04,Closed
47,1643,Loan,81407.50,2023-12-21,Active
48,1713,Loan,55415.38,2021-03-18,Inactive
49,433,Loan,176893.95,2019-10-30,Closed
50,1302,Loan,106893.22,2017-05-30,Inactive
51,923,Checking,98714.06,2017-12-23,Inactive
52,1173,Checking,30972.04,2022-01-13,Active
53,1639,Checking,169.14,2020-12-28,Inactive
54,1901,Loan,34040.27,2025-05-04,Active
55,1571,Loan,130447.40,2021-03-04,Inactive
56,1681,Savings,127101.58,2017-06-17,Closed
57,919,Savings,121746.07,2023-07-22,Closed
58,330,Loan,113902.23,2018-12-14,Inactive
59,94,Checking,121767.41,2019-06-03,Active
60,1933,Loan,17738.77,2022-02-28,Inactive
62,1595,Loan,102022.76,2022-08-28,Active
63,662,Checking,73497.40,2020-08-28,Active
64,718,Checking,187396.75,2024-10-17,Active
65,1322,Savings,58242.87,2017-07-02,Active
66,848,Loan,91966.51,2020-03-14,Active
67,1818,Savings,159249.09,2019-04-03,Inactive
68,2049,Loan,21787.04,2016-12-17,Closed
69,1357,Savings,48595.12,2019-03-03,Closed
70,287,Savings,149596.02,2023-02-15,Closed
71,1665,Loan,199104.68,2019-12-13,Inactive
72,289,Checking,191493.75,2015-11-09,Closed
73,496,Loan,155207.60,2015-06-21,Closed
74,2188,Loan,4255.89,2017-01-14,Inactive
75,245,Checking,162238.31,2025-02-07,Closed
76,164,Checking,79585.60,2024-10-05,Closed
77,1803,Checking,157378.42,2016-06-12,Active
78,598,Checking,151467.06,2017-06-14,Closed
79,458,Loan,33375.17,2017-04-16,Inactive
80,1392,Savings,182551.41,2015-07-17,Inactive
81,861,Checking,18973.70,2022-06-07,Closed
82,304,Checking,179788.66,2019-09-06,Inactive
83,1003,Checking,68159.80,2024-11-27,Closed
84,1822,Checking,157368.48,2018-04-05,Closed
85,1057,Loan,54697.45,2018-07-17,Active
86,574,Savings,104116.75,2020-02-12,Active
87,906,Checking,112489.66,2020-01-29,Closed
88,1193,Checking,188930.78,2019-06-18,Active
89,1249,Checking,142472.31,2018-03-01,Closed
90,1208,Savings,148618.50,2021-12-31,Closed
91,527,Savings,121293.61,2021-05-15,Inactive
92,1054,Loan,45197.56,2019-12-23,Active
94,1492,Loan,101472.61,2020-10-21,Closed
95,1663,Checking,123501.23,2016-10-28,Active
96,1410,Loan,30753.31,2024-03-14,Closed
97,1288,Loan,74559.70,2023-12-26,Inactive
98,693,Loan,96151.52,2017-07-05,Inactive
99,1556,Savings,133583.34,2025-04-25,Active
100,1403,Savings,61516.31,2023-09-30,Active
101,615,Checking,121532.57,2023-12-23,Closed
102,490,Loan,38986.91,2021-01-29,Inactive
103,1882,Loan,182496.85,2021-01-01,Active
104,2147,Savings,148146.26,2016-07-26,Inactive
105,135,Checking,125093.61,2023-02-13,Inactive
106,2079,Savings,53930.45,2017-05-18,Closed
107,326,Savings,89049.89,2021-05-09,Closed
108,1016,Savings,50842.45,2020-04-22,Closed
109,749,Loan,187234.85,2019-07-08,Active
110,936,Loan,143334.76,2022-04-11,Active
111,165,Loan,52785.55,2025-04-24,Inactive
112,375,Loan,37597.84,2024-12-14,Active
113,543,Loan,60203.55,2016-02-26,Active
114,933,Savings,116928.32,2019-02-03,Closed
115,1955,Checking,19203.18,2020-01-18,Active
116,1307,Loan,14147.44,2021-09-15,Inactive
117,477,Checking,16218.93,2019-10-29,Active
118,410,Loan,117669.86,2024-07-17,Closed
119,1996,Checking,113650.52,2018-12-12,Closed
120,1761,Savings,143856.28,2015-12-12,Inactive
121,798,Loan,161056.06,2020-04-14,Closed
122,1869,Savings,49975.43,2020-02-07,Inactive
123,1109,Checking,126041.20,2016-04-20,Inactive
124,2078,Checking,102597.15,2024-05-20,Closed
125,1228,Checking,173385.82,2016-04-03,Active
126,1398,Checking,135407.43,2016-08-22,Closed
127,1265,Loan,87728.78,2016-01-11,Active
128,1998,Savings,63501.11,2015-07-23,Closed
129,1928,Checking,32207.74,2022-07-18,Active
130,1770,Loan,60580.52,2025-06-09,Inactive
131,1403,Loan,137235.27,2021-01-01,Active
132,793,Savings,152451.96,2022-04-12,Active
133,1259,Loan,60729.46,2024-08-30,Closed
134,1933,Savings,136791.64,2017-01-18,Closed
135,862,Loan,134213.39,2024-07-29,Inactive
136,641,Savings,153162.68,2019-02-18,Active
137,647,Loan,132349.44,2018-08-30,Inactive
138,2116,Checking,130524.87,2018-09-14,Inactive
139,1104,Savings,186535.13,2016-12-01,Inactive
140,1244,Checking,28569.80,2022-03-23,Inactive
141,1450,Loan,62727.00,2023-06-20,Inactive
142,1743,Loan,78405.21,2018-04-29,Inactive
143,24,Checking,10589.14,2022-01-31,Inactive
144,1449,Loan,160976.84,2022-01-03,Inactive
145,1124,Savings,163615.88,2020-05-11,Active
146,855,Loan,143192.88,2015-10-02,Inactive
147,1530,Savings,64030.08,2019-07-03,Inactive
148,1335,Loan,111774.44,2016-04-12,Active
149,881,Loan,100340.16,2023-01-24,Inactive
150,438,Savings,48249.13,2021-05-13,Inactive
151,1965,Loan,118384.52,2015-07-06,Active
152,1598,Loan,191926.21,2021-03-10,Closed
153,1995,Savings,55668.59,2025-01-20,Closed
154,1537,Savings,19838.70,2025-03-27,Closed
155,1404,Checking,107348.09,2025-02-07,Inactive
156,1165,Savings,94104.09,2015-12-03,Closed
157,304,Checking,195424.34,2022-10-14,Closed
158,1695,Savings,174727.10,2020-03-10,Closed
159,1225,Loan,39598.86,2015-10-23,Active
160,1796,Savings,65232.34,2024-03-27,Closed
161,1068,Loan,105971.01,2017-06-03,Inactive
162,90,Savings,154306.19,2016-06-25,Active
163,1286,Checking,180973.25,2021-11-06,Inactive
164,880,Savings,63914.06,2023-01-27,Active
165,1888,Checking,66268.93,2017-05-03,Closed
166,1061,Checking,120525.19,2016-06-08,Active
167,575,Savings,128269.17,2025-03-31,Inactive
168,1624,Checking,159518.45,2017-03-28,Closed
169,247,Loan,74381.61,2022-12-22,Closed
170,1791,Savings,191937.55,2021-11-08,Inactive
171,2016,Checking,114750.50,2021-09-30,Closed
172,275,Loan,14648.29,2017-02-15,Active
173,461,Loan,31223.90,2015-10-05,Closed
174,360,Loan,184460.62,2021-01-02,Closed
175,782,Savings,153306.61,2018-03-21,Inactive
176,1135,Checking,89983.36,2015-11-23,Closed
177,624,Loan,65751.10,2024-08-26,Active
178,1392,Checking,105306.65,2021-12-19,Closed
179,1772,Savings,79993.95,2021-01-16,Inactive
180,27,Loan,165558.64,2019-02-13,Active
181,35,Savings,64138.05,2023-12-12,Active
182,1061,Savings,116667.48,2020-05-19,Inactive
183,2181,Checking,130549.35,2025-04-25,Active
184,1453,Loan,173382.25,2020-01-30,Active
185,774,Savings,40831.91,2021-06-24,Active
186,414,Savings,106451.12,2021-07-16,Active
187,522,Loan,69378.18,2024-07-11,Active
188,1342,Checking,185657.33,2018-10-16,Closed
189,856,Savings,60237.37,2018-08-30,Inactive
190,1111,Savings,187228.60,2016-11-27,Active
191,1456,Savings,27031.09,2024-05-24,Inactive
192,505,Checking,4597.49,2021-08-28,Closed
193,855,Checking,9367.47,2022-11-08,Inactive
194,1636,Savings,40729.27,2022-01-05,Inactive
195,511,Savings,193833.38,2021-02-10,Closed
196,2116,Savings,32158.04,2019-10-26,Active
197,493,Checking,147998.72,2025-01-24,Inactive
199,2077,Checking,95334.78,2019-10-24,Closed
200,459,Checking,2737.16,2023-04-29,Inactive
201,1721,Checking,192294.54,2024-02-20,Active
202,1453,Checking,189119.22,2017-04-06,Active
203,1779,Loan,59789.23,2017-12-22,Closed
204,346,Loan,128538.18,2022-06-10,Inactive
205,1931,Savings,190237.48,2024-04-04,Inactive
206,1325,Savings,27717.53,2024-10-15,Active
207,727,Loan,1359.43,2024-03-15,Closed
208,638,Savings,138861.58,2017-07-28,Active
209,251,Loan,160377.24,2015-08-01,Closed
210,1201,Checking,123319.78,2023-06-10,Active
211,1718,Savings,34514.81,2024-12-13,Closed
212,621,Loan,161788.23,2021-11-08,Closed
213,744,Checking,175755.02,2019-07-07,Active
214,666,Savings,99259.86,2018-06-14,Inactive
215,1654,Loan,74323.42,2016-06-18,Inactive
216,1316,Savings,156545.41,2016-11-01,Inactive
217,117,Checking,6361.67,2023-05-12,Active
218,1670,Savings,107664.72,2016-02-20,Closed
219,2152,Savings,31213.60,2019-03-03,Active
220,1429,Savings,17970.84,2015-11-07,Active
221,461,Checking,92618.88,2023-10-22,Inactive
222,2199,Checking,26448.28,2024-05-24,Closed
223,3,Checking,94986.82,2017-07-06,Inactive
224,526,Checking,131103.04,2023-05-11,Inactive
225,395,Checking,98306.74,2022-09-02,Closed
226,804,Savings,43471.88,2017-08-24,Active
227,585,Savings,131671.59,2019-09-15,Closed
228,389,Loan,80469.63,2018-05-26,Closed
229,432,Savings,44857.79,2021-01-09,Active
230,1234,Checking,141947.32,2021-03-02,Inactive
231,2130,Loan,115222.01,2024-06-30,Inactive
232,540,Checking,84115.20,2024-09-19,Closed
233,595,Loan,147150.27,2017-05-26,Active
234,1578,Loan,9127.70,2016-11-26,Active
235,747,Savings,28162.37,2017-06-09,Active
237,1970,Checking,171464.93,2022-12-11,Active
238,1662,Checking,198536.11,2023-05-06,Inactive
239,1077,Loan,87692.53,2022-08-01,Closed
240,1145,Loan,153586.47,2017-02-19,Inactive
241,1382,Savings,50684.53,2021-08-18,Inactive
242,1870,Loan,18848.93,2017-01-30,Inactive
243,2127,Checking,12155.11,2024-09-27,Inactive
244,1748,Loan,4595.50,2015-12-18,Closed
245,518,Savings,45038.57,2023-02-11,Inactive
246,456,Savings,109868.19,2024-01-06,Inactive
247,518,Checking,61059.60,2019-12-27,Inactive
248,340,Loan,36113.78,2020-10-01,Closed
249,799,Savings,167922.57,2017-08-13,Active
250,69,Savings,146549.17,2019-12-09,Inactive
251,2153,Loan,155877.51,2022-01-29,Closed
252,2174,Loan,8922.54,2023-06-05,Closed
253,1486,Loan,45699.92,2022-11-09,Closed
254,684,Checking,31329.33,2015-10-16,Closed
255,679,Loan,126679.68,2016-07-01,Closed
256,927,Loan,29986.24,2019-10-13,Closed
257,1737,Savings,55323.49,2017-10-28,Inactive
258,1215,Checking,180141.80,2021-05-02,Inactive
259,1952,Checking,64045.22,2023-01-04,Closed
260,1229,Savings,14511.53,2022-06-16,Closed
261,1277,Savings,184571.96,2020-10-29,Closed
262,274,Savings,150911.50,2023-11-30,Active
263,589,Checking,164399.47,2017-01-12,Active
264,1603,Savings,129039.97,2018-08-02,Inactive
266,927,Checking,27658.29,2019-10-29,Inactive
267,506,Loan,147800.82,2020-07-14,Closed
268,622,Savings,88397.96,2021-06-01,Closed
269,1129,Checking,1659.19,2024-09-24,Active
270,2133,Checking,104610.31,2020-08-02,Closed
271,1930,Savings,131914.50,2022-12-14,Inactive
272,512,Loan,148453.80,2025-02-15,Inactive
273,630,Savings,175985.49,2021-06-18,Closed
274,1399,Checking,189872.33,2016-12-14,Active
275,1563,Checking,22123.93,2022-02-10,Inactive
276,1745,Loan,33275.43,2016-07-18,Closed
278,363,Loan,120464.87,2025-03-21,Closed
279,1486,Savings,173806.94,2015-10-06,Closed
281,233,Loan,20590.61,2019-12-18,Inactive
282,1130,Checking,127873.22,2015-12-09,Inactive
283,1719,Loan,167177.40,2025-06-15,Inactive
284,341,Savings,19776.76,2015-10-29,Inactive
285,995,Loan,98742.70,2021-02-25,Closed
286,1777,Loan,52783.71,2020-08-16,Closed
287,1999,Loan,121131.44,2020-07-29,Closed
288,1540,Loan,103552.84,2020-10-03,Closed
289,1568,Savings,120133.29,2025-03-07,Closed
290,404,Loan,18530.17,2022-08-27,Active
291,1478,Loan,134358.18,2018-05-09,Closed
292,1728,Checking,143516.94,2021-10-28,Active
293,1423,Loan,157521.34,2017-12-02,Inactive
294,2142,Savings,188009.50,2017-04-28,Closed
295,1769,Loan,181570.30,2022-08-16,Active
296,741,Savings,125919.52,2021-05-27,Inactive
297,405,Checking,184094.27,2019-08-25,Active
298,1871,Checking,71397.08,2024-11-04,Closed
299,1410,Checking,194702.70,2023-03-26,Active
300,1134,Checking,156633.82,2019-02-25,Inactive
301,1877,Loan,198190.63,2025-05-12,Inactive
302,658,Savings,111474.79,2016-04-12,Closed
303,1319,Loan,79964.84,2023-03-30,Inactive
304,705,Checking,171257.60,2022-04-30,Inactive
305,1441,Loan,107416.07,2022-02-06,Active
306,1297,Checking,19810.28,2022-04-21,Closed
307,371,Loan,80916.09,2023-09-24,Closed
308,2037,Loan,36831.53,2021-07-11,Inactive
309,829,Checking,171123.19,2018-01-15,Inactive
310,1437,Checking,161082.45,2019-10-30,Inactive
311,653,Savings,64213.34,2020-07-09,Active
312,778,Loan,61760.78,2018-07-21,Closed
313,1214,Loan,107420.00,2015-09-13,Inactive
314,312,Savings,18219.42,2019-07-22,Closed
315,1658,Checking,28725.97,2017-03-23,Inactive
316,2183,Checking,79049.73,2020-12-01,Inactive
317,425,Loan,162821.90,2023-08-22,Inactive
318,337,Checking,199887.50,2023-11-11,Inactive
319,168,Savings,109371.44,2015-08-13,Closed
320,1122,Savings,98645.83,2022-05-04,Closed
321,897,Savings,174964.76,2021-05-14,Inactive
322,885,Savings,1989.88,2024-12-10,Active
323,86,Loan,96396.29,2016-07-30,Inactive
324,1698,Loan,110020.84,2017-03-15,Closed
325,788,Checking,36804.64,2017-09-08,Closed
326,1637,Loan,114879.10,2020-03-07,Inactive
327,1072,Loan,159257.86,2021-09-25,Inactive
328,1080,Checking,73730.81,2016-06-14,Active
329,1312,Loan,71093.37,2023-07-03,Closed
330,551,Checking,171918.91,2022-11-27,Closed
331,1012,Loan,115581.17,2024-10-29,Active
332,2079,Loan,94885.41,2019-06-09,Inactive
333,430,Loan,45178.80,2022-11-14,Inactive
334,918,Checking,53461.25,2019-04-08,Active
336,1787,Savings,190609.38,2016-03-08,Active
337,91,Loan,89417.89,2022-08-19,Closed
338,236,Checking,95063.60,2024-02-29,Closed
339,606,Savings,136242.41,2016-04-16,Active
340,1131,Loan,50028.42,2017-03-18,Closed
341,113,Loan,119346.57,2025-02-19,Inactive
342,547,Checking,42648.43,2017-10-29,Inactive
343,1270,Loan,139289.80,2017-12-12,Inactive
344,1354,Savings,113756.40,2023-04-12,Closed
345,1668,Savings,153143.20,2017-07-01,Closed
346,1289,Savings,194163.15,2022-07-31,Active
347,1468,Loan,23496.52,2022-07-10,Active
348,261,Loan,82449.14,2018-05-17,Active
349,798,Savings,195946.28,2018-12-21,Active
350,743,Savings,129706.11,2019-05-10,Inactive
351,490,Checking,17365.70,2021-07-21,Inactive
352,1587,Checking,75948.79,2018-07-11,Inactive
353,568,Checking,36189.41,2022-08-06,Inactive
354,1455,Savings,141306.22,2015-06-25,Inactive
355,2047,Savings,36505.56,2016-11-26,Inactive
356,822,Savings,69915.74,2023-04-22,Closed
357,335,Checking,90071.36,2023-01-27,Active
358,2146,Checking,3590.35,2018-05-30,Closed
359,250,Loan,11358.81,2022-07-20,Inactive
360,392,Savings,-153.36,2021-04-20,Closed
361,52,Savings,65035.36,2021-03-04,Inactive
362,114,Loan,112454.62,2024-01-19,Active
363,707,Savings,127114.59,2016-08-09,Inactive
364,745,Loan,43283.96,2018-12-06,Inactive
365,398,Loan,182479.23,2017-08-16,Closed
366,1533,Loan,34974.12,2022-11-08,Inactive
367,728,Loan,29344.38,2017-02-19,Inactive
368,125,Loan,7274.24,2018-09-10,Closed
369,493,Checking,186974.02,2021-03-02,Active
370,1430,Loan,35673.56,2019-11-19,Closed
371,686,Savings,99279.04,2017-10-13,Closed
372,636,Loan,183959.83,2023-02-27,Inactive
373,1593,Checking,188774.23,2015-07-21,Closed
374,269,Checking,48867.55,2016-11-09,Active
375,981,Checking,37262.21,2024-10-30,Inactive
376,171,Checking,11254.15,2017-08-21,Inactive
377,405,Loan,17736.17,2019-02-05,Closed
378,1313,Loan,112380.84,2018-11-25,Closed
379,2179,Loan,78534.08,2017-09-19,Closed
380,824,Checking,63723.44,2016-06-09,Inactive
381,812,Checking,188821.58,2016-05-03,Inactive
382,1656,Checking,75101.92,2018-04-14,Inactive
383,98,Checking,20415.86,2020-12-23,Closed
384,1983,Loan,77456.14,2019-04-02,Inactive
385,1177,Loan,139629.78,2016-03-11,Closed
386,171,Savings,189329.36,2020-02-23,Inactive
387,711,Loan,62387.55,2022-04-01,Active
388,2189,Savings,8965.11,2023-06-22,Inactive
389,1577,Savings,70029.00,2020-09-18,Closed
390,215,Loan,174677.89,2015-10-02,Closed
391,2083,Loan,169768.77,2023-03-03,Closed
392,1519,Loan,139686.21,2017-01-21,Active
393,405,Checking,189967.84,2024-09-21,Active
394,1312,Savings,142663.93,2021-10-16,Inactive
395,847,Loan,127904.44,2019-03-16,Active
396,186,Checking,40808.98,2019-06-01,Closed
397,477,Checking,450.13,2017-05-21,Active
398,1355,Savings,197410.64,2016-10-11,Active
399,1523,Checking,8473.74,2021-03-31,Active
400,1009,Loan,133540.83,2022-04-29,Inactive
401,1269,Savings,188024.69,2020-06-24,Closed
402,1117,Checking,137901.39,2024-02-01,Inactive
403,1695,Checking,55256.38,2019-03-15,Active
404,2000,Checking,119825.99,2020-12-19,Closed
405,1620,Savings,139048.35,2022-07-07,Inactive
406,528,Loan,137744.62,2018-06-26,Active
407,469,Savings,31364.23,2024-11-29,Inactive
408,273,Savings,107156.41,2023-04-19,Active
409,1051,Loan,142862.19,2021-03-27,Closed
410,1632,Checking,107020.15,2018-10-01,Inactive
411,1072,Savings,152078.35,2017-04-09,Inactive
412,828,Savings,110727.37,2024-02-14,Inactive
413,823,Savings,103404.22,2019-11-11,Active
414,1921,Checking,21423.45,2024-09-11,Active
415,156,Checking,36487.90,2019-06-28,Closed
416,277,Savings,86907.70,2019-07-04,Inactive
417,1795,Loan,28123.12,2021-11-26,Closed
418,169,Loan,186689.93,2020-05-09,Active
419,862,Loan,63243.22,2025-01-12,Closed
420,59,Savings,67940.17,2018-01-09,Inactive
421,719,Checking,92138.10,2017-05-06,Closed
422,232,Checking,75696.89,2021-04-28,Inactive
423,2071,Savings,44659.74,2018-01-05,Closed
424,797,Checking,131431.45,2025-06-12,Inactive
425,104,Checking,13411.27,2022-07-09,Active
426,2165,Checking,111149.05,2019-10-09,Active
427,1301,Savings,21828.84,2021-08-25,Active
428,1680,Loan,106621.89,2024-04-27,Closed
429,696,Loan,186526.51,2023-05-27,Inactive
430,158,Savings,180254.68,2016-07-14,Closed
431,958,Savings,75933.28,2021-11-23,Closed
432,240,Checking,153623.43,2021-12-29,Active
433,920,Loan,6556.64,2018-10-06,Closed
434,303,Savings,129596.96,2019-01-08,Inactive
435,1582,Checking,136964.80,2016-04-05,Inactive
436,1842,Loan,47152.64,2018-12-28,Inactive
437,1025,Checking,196016.29,2017-09-18,Closed
438,1864,Checking,183845.02,2018-03-14,Active
439,1861,Loan,175828.58,2017-02-03,Active
440,592,Checking,127237.19,2022-11-05,Active
441,1592,Checking,176328.47,2024-11-07,Inactive
442,86,Checking,160992.82,2024-03-12,Active
443,175,Checking,81779.48,2016-03-31,Closed
444,930,Checking,24567.36,2023-05-24,Closed
445,1446,Savings,188347.16,2015-07-07,Inactive
446,1712,Checking,146556.58,2017-02-01,Inactive
447,1592,Checking,72393.83,2024-03-02,Inactive
448,1634,Savings,144523.20,2018-02-10,Active
449,1008,Savings,142374.27,2016-11-18,Closed
450,798,Loan,131694.86,2021-02-23,Closed
452,1536,Loan,61033.25,2023-10-14,Inactive
453,579,Checking,21284.36,2019-12-07,Closed
454,1853,Checking,180887.55,2016-12-13,Closed
455,1689,Savings,39481.65,2017-09-26,Inactive
456,642,Loan,76550.25,2021-09-18,Closed
458,846,Checking,113262.28,2018-06-30,Active
459,1120,Loan,135966.35,2017-03-24,Active
460,1647,Loan,156262.71,2024-09-22,Active
461,618,Checking,62956.38,2024-10-01,Active
462,535,Checking,62901.03,2018-09-13,Closed
463,2174,Loan,125431.17,2018-10-11,Active
464,398,Savings,16692.89,2020-05-26,Active
465,217,Checking,170446.49,2015-09-20,Inactive
466,1462,Savings,148588.65,2016-10-14,Active
467,1260,Savings,72269.48,2023-06-11,Inactive
468,1830,Checking,67393.46,2025-03-30,Active
469,1187,Checking,19850.65,2016-09-09,Closed
470,655,Savings,32232.98,2020-08-19,Active
471,2181,Loan,81640.82,2019-12-27,Closed
472,1924,Loan,196652.26,2021-04-11,Closed
473,1022,Savings,132605.75,2021-09-06,Active
474,1823,Savings,151012.54,2023-07-07,Active
475,1561,Checking,75563.64,2022-11-23,Active
476,82,Loan,137468.36,2022-01-24,Inactive
477,1807,Loan,114168.00,2025-05-11,Inactive
478,82,Checking,189294.12,2021-11-14,Closed
479,1409,Checking,197556.97,2018-01-08,Inactive
480,283,Savings,26556.15,2021-04-23,Inactive
481,1613,Savings,21749.85,2018-11-21,Closed
482,808,Loan,63800.07,2022-06-14,Closed
483,341,Checking,120363.92,2023-02-20,Inactive
484,66,Loan,178155.06,2017-03-20,Inactive
485,693,Checking,170176.19,2017-03-15,Active
486,2103,Checking,196398.30,2023-09-20,Active
487,2006,Checking,181116.24,2017-07-20,Active
488,979,Loan,60980.54,2017-10-12,Inactive
489,1774,Checking,7611.38,2016-03-12,Closed
490,1877,Loan,15588.96,2019-05-05,Closed
491,129,Savings,174344.03,2020-08-25,Closed
492,44,Loan,114517.35,2021-09-13,Inactive
493,1560,Savings,180859.23,2023-08-14,Inactive
494,1591,Savings,138905.30,2020-01-10,Inactive
495,1537,Checking,73042.18,2017-07-15,Closed
496,1739,Checking,141309.74,2023-01-08,Active
497,1419,Loan,51948.38,2021-04-04,Active
498,2003,Checking,52967.84,2021-12-08,Inactive
499,348,Loan,182625.01,2021-04-27,Closed
500,465,Savings,162056.39,2018-05-26,Active
501,996,Savings,35010.00,2019-01-01,Active
502,631,Loan,160192.14,2015-07-24,Active
503,309,Savings,144482.98,2016-04-06,Closed
504,1398,Loan,13611.75,2017-09-05,Closed
505,1888,Loan,174616.99,2018-08-10,Closed
506,434,Loan,23956.67,2020-06-08,Closed
507,569,Savings,183559.44,2018-06-29,Active
508,761,Savings,143510.01,2017-08-27,Active
509,16,Checking,158214.34,2019-05-23,Active
510,862,Savings,143254.32,2023-02-12,Inactive
511,1313,Loan,105631.36,2017-01-06,Inactive
512,809,Loan,197579.88,2022-04-22,Closed
513,763,Checking,57256.73,2022-01-04,Closed
514,251,Checking,36578.03,2020-10-02,Active
515,326,Savings,194825.17,2019-05-04,Inactive
516,590,Loan,114874.53,2019-02-26,Active
517,508,Loan,152214.14,2018-09-26,Active
518,767,Checking,151135.39,2021-07-05,Active
519,666,Checking,126877.03,2016-11-23,Closed
520,1216,Loan,82162.54,2023-02-22,Closed
522,987,Loan,900.11,2016-07-28,Closed
523,1031,Checking,150736.57,2016-08-01,Active
524,253,Savings,98531.57,2016-08-17,Closed
525,248,Loan,151007.85,2020-11-06,Inactive
526,328,Loan,152768.98,2017-09-24,Closed
527,1827,Savings,195422.12,2018-03-18,Closed
528,362,Checking,117421.79,2022-12-24,Inactive
529,270,Loan,52118.68,2015-08-11,Inactive
530,1847,Checking,148309.63,2025-04-20,Inactive
531,1518,Checking,59699.56,2019-01-27,Inactive
532,1284,Loan,199819.03,2016-05-28,Active
533,935,Loan,33695.86,2022-08-20,Closed
534,1446,Checking,92721.44,2023-06-23,Inactive
535,1329,Checking,92456.58,2022-10-04,Inactive
536,1853,Savings,27987.62,2019-10-29,Inactive
537,1719,Savings,174609.03,2017-08-06,Inactive
538,1563,Loan,29451.48,2016-04-07,Inactive
539,58,Checking,158170.71,2017-06-11,Closed
540,708,Savings,118383.90,2017-01-18,Active
541,889,Savings,2786.07,2023-12-11,Inactive
542,614,Checking,67131.70,2019-08-22,Active
543,2038,Checking,31242.43,2016-09-27,Closed
544,1138,Savings,37584.18,2016-02-22,Closed
545,2045,Checking,86739.07,2016-10-13,Active
546,1997,Loan,11481.96,2016-02-22,Active
547,275,Checking,141057.83,2017-05-30,Closed
548,1186,Savings,46648.06,2015-12-26,Inactive
549,887,Checking,97846.63,2019-12-04,Inactive
550,650,Checking,125907.04,2022-02-19,Closed
551,1758,Loan,23930.40,2016-01-26,Active
552,2170,Checking,67890.00,2016-04-11,Inactive
553,525,Checking,112848.20,2021-02-06,Inactive
554,259,Savings,89139.18,2018-08-16,Inactive
555,1009,Savings,188887.64,2016-04-03,Closed
556,957,Checking,126591.22,2020-10-03,Inactive
557,1150,Loan,67821.85,2025-06-02,Inactive
558,797,Savings,193077.52,2021-04-02,Closed
559,938,Loan,118363.37,2022-01-17,Active
560,1021,Checking,112441.25,2022-07-25,Active
561,1284,Loan,176086.00,2024-07-23,Inactive
562,608,Loan,63991.81,2022-04-10,Closed
563,2011,Checking,120321.26,2021-05-09,Closed
564,1090,Savings,89621.73,2016-12-21,Active
565,1132,Loan,28188.21,2015-10-25,Active
566,1941,Savings,44278.33,2018-11-13,Active
567,1341,Checking,164879.77,2024-10-15,Inactive
568,599,Checking,191311.86,2021-07-22,Inactive
569,1287,Loan,176584.31,2019-01-16,Active
570,771,Loan,120818.82,2023-06-30,Inactive
571,249,Loan,176896.72,2018-07-20,Closed
572,2065,Checking,49269.41,2017-10-06,Inactive
573,1733,Loan,163626.60,2023-04-11,Active
574,1222,Checking,40450.13,2024-06-18,Inactive
575,104,Savings,130152.81,2019-05-17,Inactive
576,323,Checking,92720.37,2025-03-21,Active
577,1830,Loan,76094.90,2018-07-27,Active
578,1820,Checking,21102.85,2015-08-07,Inactive
579,1868,Checking,39155.03,2018-04-17,Closed
580,1857,Checking,32161.67,2021-04-03,Active
581,1323,Savings,24344.95,2019-02-09,Inactive
582,1955,Checking,27921.44,2018-07-19,Closed
583,1537,Loan,4605.79,2020-09-09,Inactive
584,1327,Checking,35188.69,2020-01-07,Closed
585,142,Loan,56223.24,2024-06-15,Closed
586,162,Loan,10699.77,2024-09-17,Closed
587,541,Checking,12307.52,2024-09-20,Active
588,574,Savings,20001.77,2015-11-03,Active
589,963,Savings,150809.24,2023-10-29,Inactive
590,1386,Savings,82234.68,2022-06-03,Active
591,2018,Checking,108794.83,2022-11-15,Closed
592,1706,Loan,157840.60,2021-07-13,Closed
593,635,Loan,164480.61,2023-05-01,Active
594,1838,Savings,22607.45,2023-07-05,Inactive
595,932,Savings,10831.09,2022-03-31,Closed
596,100,Savings,128401.96,2020-10-22,Closed
597,924,Checking,8000.16,2020-10-06,Active
598,953,Savings,190861.41,2019-02-02,Active
599,2051,Checking,64251.53,2025-03-09,Closed
600,1622,Savings,101804.51,2021-06-16,Inactive
601,2017,Savings,133763.24,2018-04-03,Closed
602,1700,Loan,13126.29,2024-11-20,Active
603,148,Savings,45515.95,2025-02-07,Inactive
604,30,Checking,140215.75,2017-02-28,Closed
605,1508,Loan,179665.08,2019-10-27,Active
606,1627,Savings,30027.30,2022-09-01,Active
607,1153,Checking,111030.68,2019-06-23,Closed
608,1591,Savings,166881.88,2016-09-13,Closed
609,1050,Checking,38752.37,2018-04-15,Inactive
610,1609,Savings,129917.76,2020-06-26,Inactive
611,119,Checking,120475.26,2021-04-15,Closed
612,2097,Checking,40520.31,2019-06-26,Active
613,171,Checking,160829.48,2019-11-14,Closed
614,843,Savings,151831.74,2023-03-06,Closed
615,1224,Loan,134678.37,2019-11-29,Closed
616,1243,Checking,92487.84,2025-05-12,Closed
617,942,Loan,177986.41,2016-07-30,Inactive
618,889,Loan,4274.41,2016-10-03,Active
619,887,Savings,172001.78,2022-05-16,Active
620,2047,Loan,77408.63,2016-01-15,Inactive
621,1876,Checking,120163.50,2024-02-15,Active
622,2014,Checking,111946.39,2019-12-22,Inactive
623,1018,Savings,123082.25,2023-05-19,Active
624,128,Loan,9530.62,2024-09-19,Active
625,1124,Savings,60341.03,2017-07-06,Inactive
626,654,Savings,10234.34,2024-12-14,Active
627,782,Checking,148240.22,2018-02-24,Inactive
628,312,Checking,83206.15,2017-12-04,Active
629,1219,Savings,179653.60,2018-03-29,Inactive
630,581,Checking,91113.99,2019-02-03,Active
631,493,Loan,148724.24,2019-12-30,Closed
632,125,Checking,34503.55,2020-01-27,Active
633,353,Loan,46577.97,2025-03-17,Closed
634,1119,Checking,4023.07,2020-05-21,Closed
635,1965,Savings,146152.52,2020-03-13,Active
636,883,Savings,79206.56,2023-03-09,Inactive
637,123,Savings,99233.40,2020-08-07,Inactive
638,1690,Savings,194567.88,2024-07-29,Closed
639,181,Loan,12133.55,2020-08-17,Inactive
640,1154,Loan,95573.82,2024-05-24,Inactive
641,100,Loan,54028.47,2021-07-02,Active
642,962,Loan,89321.82,2022-03-07,Active
643,181,Loan,166996.19,2020-09-27,Inactive
644,2002,Savings,142971.65,2020-08-01,Closed
645,194,Checking,72488.98,2021-01-18,Closed
646,1505,Checking,164053.20,2016-10-29,Closed
647,672,Checking,131549.57,2019-12-04,Inactive
648,597,Checking,146906.59,2018-06-22,Inactive
649,1668,Savings,115832.46,2017-06-20,Inactive
650,1915,Checking,153346.31,2021-09-20,Active
651,2026,Loan,108224.85,2023-05-06,Inactive
652,1769,Savings,120231.45,2017-11-06,Active
653,1364,Checking,128915.56,2025-06-08,Inactive
654,673,Savings,68362.48,2017-01-16,Closed
655,595,Loan,68000.80,2019-10-30,Closed
656,654,Loan,27474.02,2017-09-18,Active
657,1624,Savings,164600.40,2021-11-30,Active
658,2054,Loan,7916.67,2016-05-27,Active
659,17,Checking,186868.31,2023-08-15,Closed
660,675,Loan,44969.86,2016-07-21,Closed
661,1372,Checking,22942.73,2019-03-12,Closed
662,1530,Loan,187354.08,2018-11-30,Closed
663,1609,Savings,115192.40,2025-04-25,Closed
664,1672,Loan,150188.89,2016-11-29,Active
665,925,Loan,128602.40,2020-01-19,Active
666,772,Loan,-380.48,2019-06-12,Closed
667,442,Checking,28443.29,2024-07-24,Active
668,1256,Savings,151038.01,2017-08-31,Inactive
669,858,Loan,127468.85,2022-12-16,Active
670,97,Savings,5735.04,2022-04-27,Active
671,849,Savings,165445.15,2020-04-01,Closed
672,293,Savings,50313.50,2022-03-17,Active
674,1230,Checking,77243.34,2017-09-17,Active
675,1245,Checking,123661.18,2019-01-22,Inactive
676,172,Loan,98012.36,2021-06-10,Active
677,2048,Checking,69975.14,2020-12-12,Inactive
678,1940,Checking,150460.05,2019-12-14,Active
679,1732,Loan,117218.51,2021-09-13,Inactive
680,2009,Savings,75683.44,2017-12-19,Inactive
681,356,Checking,50057.35,2021-02-27,Active
682,340,Savings,144717.87,2025-03-05,Closed
683,386,Checking,75660.15,2017-05-12,Inactive
684,989,Loan,196792.05,2018-12-31,Active
685,1323,Checking,110301.47,2022-12-21,Closed
686,1849,Savings,122550.31,2018-05-26,Active
687,43,Loan,25241.02,2015-08-22,Closed
688,116,Loan,88608.21,2022-06-28,Closed
689,743,Checking,54585.60,2023-06-07,Closed
690,1590,Loan,130567.31,2022-12-20,Active
691,1038,Loan,23092.55,2019-03-01,Closed
692,2012,Savings,180403.48,2016-06-26,Inactive
694,1748,Savings,137204.88,2025-01-05,Active
695,816,Checking,96992.61,2015-11-28,Active
696,1587,Loan,161263.93,2019-07-25,Active
697,1544,Savings,60106.46,2019-02-05,Active
698,1393,Loan,116505.75,2019-10-21,Inactive
699,937,Loan,88655.62,2022-04-09,Closed
700,476,Savings,32468.87,2024-12-22,Active
701,97,Checking,98977.21,2022-03-08,Closed
702,1762,Savings,141535.97,2018-03-13,Closed
703,1509,Loan,108468.67,2016-04-29,Inactive
704,1941,Savings,55419.89,2023-08-10,Closed
705,1730,Savings,12567.66,2021-04-22,Inactive
706,1465,Checking,79966.06,2019-01-25,Active
707,564,Savings,4333.91,2025-01-15,Active
708,766,Loan,38901.67,2017-06-06,Closed
709,1530,Loan,52232.84,2016-12-10,Active
710,760,Loan,82357.78,2025-05-13,Closed
711,163,Savings,40090.68,2018-09-12,Inactive
712,546,Loan,140145.52,2024-10-19,Active
713,1524,Savings,101794.30,2018-02-25,Active
714,462,Loan,133015.19,2024-04-03,Closed
715,2174,Savings,60320.50,2025-01-23,Active
716,1309,Savings,172047.43,2016-11-20,Active
717,773,Loan,94689.29,2024-02-20,Inactive
718,878,Savings,34069.80,2019-01-17,Closed
719,291,Savings,133250.01,2020-11-29,Closed
720,596,Savings,95276.52,2015-09-07,Active
721,675,Savings,125201.66,2022-12-27,Inactive
722,1482,Savings,165509.12,2019-06-24,Inactive
723,245,Checking,8103.24,2023-12-22,Inactive
724,1617,Savings,38117.44,2020-08-15,Closed
725,1531,Checking,89690.58,2024-07-07,Active
726,522,Checking,122786.60,2020-12-07,Closed
727,1666,Loan,174310.17,2021-03-28,Closed
728,645,Savings,119595.26,2015-08-24,Inactive
729,2037,Savings,86264.68,2021-08-22,Active
730,1710,Savings,112118.18,2016-02-01,Closed
731,597,Loan,7509.68,2022-02-11,Inactive
732,1611,Checking,92633.67,2024-02-16,Inactive
733,1244,Loan,120861.82,2017-06-26,Inactive
734,1925,Loan,97301.40,2021-05-05,Closed
735,563,Checking,67083.59,2017-01-21,Closed
736,2006,Checking,106314.19,2016-12-07,Closed
737,258,Checking,125638.84,2019-12-21,Inactive
738,1184,Loan,102460.34,2022-07-06,Inactive
740,1255,Savings,165059.91,2023-04-19,Closed
741,1686,Checking,52413.98,2024-01-02,Inactive
742,772,Loan,178055.35,2021-02-19,Active
743,1209,Savings,137264.23,2022-03-09,Inactive
744,1316,Savings,159505.14,2022-05-20,Closed
745,2131,Savings,23000.76,2018-03-14,Closed
746,1194,Loan,49028.94,2016-09-03,Closed
747,1382,Savings,177398.29,2023-06-13,Inactive
748,1536,Savings,78021.86,2022-02-21,Closed
749,1109,Loan,91545.38,2018-03-20,Inactive
750,600,Checking,120999.74,2023-04-28,Inactive
751,510,Checking,162529.46,2018-06-22,Inactive
752,14,Savings,37380.08,2020-09-23,Inactive
753,2028,Checking,186917.58,2019-05-17,Closed
754,1135,Loan,113274.45,2024-01-22,Active
755,1089,Savings,196306.32,2017-07-22,Closed
756,2006,Loan,21169.87,2020-08-25,Inactive
757,1585,Checking,23448.68,2020-01-15,Active
758,504,Checking,151904.95,2021-08-18,Active
759,169,Savings,55109.88,2022-06-05,Closed
760,2193,Checking,25048.13,2021-06-06,Active
761,1734,Savings,7507.45,2016-11-16,Closed
762,246,Savings,21842.12,2020-01-11,Closed
763,1136,Checking,85675.43,2023-02-27,Active
764,903,Loan,120534.09,2021-04-18,Inactive
765,1449,Savings,29916.43,2018-12-04,Closed
766,1298,Savings,33954.39,2016-01-21,Inactive
767,833,Loan,123067.48,2016-08-24,Active
768,374,Loan,147961.45,2020-06-30,Inactive
769,1992,Savings,18684.57,2019-11-17,Inactive
770,906,Savings,91631.08,2022-01-03,Active
771,711,Savings,55533.87,2019-01-27,Active
772,979,Loan,61353.09,2019-08-12,Closed
773,1584,Checking,42284.26,2024-09-18,Active
774,336,Checking,142341.21,2019-11-29,Inactive
775,616,Loan,177567.74,2020-12-05,Closed
776,1558,Savings,108023.56,2020-12-23,Inactive
777,841,Loan,98049.73,2020-04-16,Closed
778,1403,Checking,3653.52,2021-02-19,Closed
779,1589,Checking,121114.06,2015-07-08,Inactive
780,592,Loan,15010.07,2016-12-23,Closed
781,1547,Savings,157508.03,2017-08-03,Active
782,893,Checking,70329.73,2017-11-18,Inactive
783,1019,Loan,57781.10,2017-11-02,Active
784,1555,Loan,175484.98,2016-09-16,Active
785,1000,Loan,139364.97,2024-04-29,Inactive
786,90,Checking,114117.13,2024-01-06,Inactive
787,1561,Savings,97936.97,2020-07-06,Closed
788,1825,Checking,17436.91,2024-12-25,Inactive
789,1427,Savings,53458.89,2017-03-01,Inactive
790,1961,Savings,33292.60,2018-12-09,Closed
791,2119,Loan,105952.78,2016-10-20,Active
792,149,Checking,72596.65,2017-08-22,Active
793,369,Loan,183127.91,2016-05-16,Active
794,206,Checking,15390.70,2021-07-19,Inactive
795,1856,Savings,58277.14,2019-08-18,Inactive
796,1141,Savings,45432.28,2016-05-30,Inactive
797,683,Loan,12889.17,2024-11-17,Active
798,214,Loan,130751.69,2025-03-23,Closed
799,721,Checking,109361.68,2024-04-24,Inactive
800,688,Savings,2944.95,2019-06-12,Active
801,316,Savings,154453.68,2015-11-12,Inactive
802,733,Loan,24389.52,2025-02-01,Inactive
803,1512,Loan,35374.26,2018-01-17,Closed
804,766,Savings,157275.13,2018-08-12,Inactive
805,704,Checking,102405.80,2018-01-14,Active
806,2052,Loan,178915.06,2016-02-18,Inactive
807,553,Savings,9193.07,2018-04-07,Active
808,542,Savings,172268.50,2020-09-17,Inactive
809,1144,Checking,48780.68,2016-08-20,Active
810,451,Loan,49267.07,2023-12-18,Closed
811,174,Savings,196562.69,2022-09-20,Active
812,3,Checking,91884.93,2022-05-24,Inactive
813,1618,Loan,108064.53,2022-12-03,Inactive
814,2151,Checking,192402.03,2016-03-27,Closed
815,1450,Loan,115283.11,2022-05-01,Closed
816,1660,Checking,104455.82,2024-06-26,Inactive
817,684,Loan,171514.33,2018-11-19,Active
818,150,Savings,14220.12,2024-10-09,Inactive
819,1223,Savings,120681.35,2018-03-01,Inactive
820,1568,Checking,59553.35,2024-11-11,Active
821,1289,Checking,39339.92,2018-04-06,Active
822,883,Checking,154901.95,2021-11-22,Active
823,1843,Loan,158000.12,2022-05-31,Closed
824,573,Loan,158648.99,2023-02-02,Inactive
825,1002,Savings,2783.80,2020-05-21,Active
826,1799,Checking,97098.55,2016-06-27,Inactive
827,1906,Checking,176417.88,2015-10-10,Inactive
828,535,Checking,191903.48,2015-08-01,Active
829,597,Loan,184510.72,2023-08-22,Inactive
830,1533,Savings,69786.30,2023-10-04,Inactive
831,1776,Savings,119446.41,2019-03-24,Inactive
832,2100,Loan,95160.17,2021-01-13,Inactive
833,278,Checking,65956.20,2020-06-15,Inactive
834,2076,Savings,1716.77,2025-05-02,Active
835,598,Loan,142076.56,2022-06-05,Inactive
836,246,Savings,101656.09,2018-08-12,Closed
837,2135,Checking,4340.04,2021-09-04,Inactive
838,1369,Loan,91788.34,2021-06-01,Closed
839,1338,Checking,73277.49,2015-10-09,Closed
840,506,Checking,151577.74,2017-06-03,Inactive
841,2106,Savings,133097.16,2017-11-10,Closed
842,2073,Savings,199728.23,2017-01-01,Active
843,1548,Checking,131953.56,2019-02-27,Inactive
844,1095,Savings,28013.35,2021-08-28,Active
845,382,Loan,76469.85,2021-02-11,Inactive
846,903,Savings,8324.69,2018-09-03,Active
847,545,Savings,83384.36,2016-05-04,Active
848,1711,Savings,85095.75,2017-06-21,Closed
849,1046,Savings,-386.32,2018-03-19,Active
850,670,Savings,52734.29,2021-03-18,Inactive
851,271,Savings,93395.48,2019-03-26,Active
852,2022,Savings,15533.89,2019-10-03,Inactive
853,1404,Loan,145448.34,2018-11-02,Inactive
854,1921,Checking,115197.21,2022-10-21,Closed
855,1355,Loan,132820.77,2019-11-09,Closed
856,638,Loan,136232.44,2022-01-28,Closed
857,2131,Loan,55432.41,2022-10-08,Closed
858,1005,Savings,162893.84,2025-05-09,Inactive
859,1980,Checking,65294.80,2019-04-01,Closed
860,1232,Checking,194538.61,2023-05-16,Inactive
861,211,Loan,59718.67,2016-07-04,Inactive
862,437,Savings,110780.32,2022-09-17,Active
863,1019,Checking,180987.52,2023-07-21,Active
864,2072,Checking,82235.33,2021-01-16,Inactive
865,1718,Loan,65908.23,2022-11-08,Active
866,994,Savings,124423.16,2020-07-15,Closed
867,272,Checking,185187.96,2020-05-26,Active
868,1785,Checking,162919.70,2015-11-07,Active
869,1697,Checking,195660.90,2019-01-16,Inactive
870,1518,Savings,61255.49,2016-12-05,Inactive
871,2015,Checking,117478.86,2020-01-07,Inactive
872,1762,Savings,56936.75,2024-03-22,Closed
873,676,Checking,31418.00,2018-06-12,Inactive
874,1544,Savings,19682.30,2018-08-01,Active
875,35,Savings,107844.28,2017-06-29,Inactive
876,379,Loan,129417.94,2016-09-20,Active
877,9,Checking,35103.40,2019-11-21,Active
878,1194,Checking,135587.31,2021-01-30,Closed
879,1464,Loan,114185.45,2023-11-11,Active
880,677,Checking,65693.42,2018-07-13,Active
881,338,Savings,122679.85,2015-10-12,Active
882,697,Checking,164750.28,2021-05-13,Inactive
884,2155,Savings,166276.34,2020-11-28,Inactive
885,568,Savings,92198.48,2019-04-29,Inactive
886,645,Loan,155103.07,2018-03-25,Closed
887,394,Checking,121099.96,2017-03-05,Closed
888,1163,Savings,78375.39,2022-03-17,Inactive
890,1470,Loan,60932.95,2020-12-23,Closed
891,1643,Checking,161296.66,2021-06-11,Active
892,1267,Loan,64985.23,2020-11-09,Active
893,1890,Savings,140498.54,2015-06-22,Active
894,326,Savings,117330.46,2018-01-30,Active
895,605,Savings,199644.26,2022-01-19,Active
896,612,Loan,14225.15,2020-04-23,Inactive
897,1311,Loan,47470.44,2021-09-16,Inactive
899,1240,Loan,41559.26,2021-06-17,Inactive
900,139,Checking,30884.46,2024-05-09,Active
901,1414,Savings,9306.89,2019-01-03,Inactive
902,1596,Savings,162410.02,2022-02-15,Inactive
903,1629,Loan,172446.17,2016-05-17,Inactive
904,545,Checking,148928.89,2023-05-01,Closed
905,1730,Loan,62615.07,2018-03-01,Closed
906,754,Savings,173769.42,2017-12-28,Active
907,1027,Checking,18189.87,2024-12-30,Inactive
908,607,Savings,176785.93,2024-01-06,Active
909,2101,Loan,98819.21,2020-04-03,Inactive
910,829,Loan,35692.84,2025-04-18,Active
911,38,Loan,71825.87,2025-04-08,Inactive
912,1528,Checking,48.83,2018-11-07,Inactive
913,2053,Savings,41817.88,2025-04-29,Inactive
914,2069,Checking,105939.25,2018-01-03,Closed
915,806,Checking,153827.22,2024-07-06,Closed
916,162,Checking,192810.58,2024-12-20,Closed
917,1189,Loan,199356.42,2022-05-16,Inactive
918,183,Checking,66187.38,2022-01-23,Inactive
919,258,Checking,165825.33,2024-01-22,Inactive
920,1899,Loan,114165.48,2025-04-20,Inactive
921,913,Checking,52572.45,2024-06-13,Closed
922,159,Savings,133520.66,2015-09-16,Closed
923,1041,Checking,52705.87,2017-02-15,Closed
924,939,Savings,43971.09,2015-12-28,Inactive
925,979,Checking,-48.79,2022-04-06,Active
926,312,Checking,106819.16,2021-04-02,Closed
927,1708,Savings,100101.24,2018-07-10,Closed
928,1255,Loan,132494.50,2024-06-24,Inactive
929,875,Loan,132088.36,2021-04-27,Inactive
930,475,Savings,185088.65,2020-04-23,Inactive
931,1346,Savings,108785.18,2020-10-05,Active
932,59,Loan,85614.85,2018-10-15,Inactive
933,1006,Checking,3648.52,2016-01-02,Active
934,1058,Savings,131320.16,2020-10-20,Closed
935,1054,Checking,31953.22,2018-06-07,Inactive
936,836,Loan,32363.41,2019-01-21,Active
937,1183,Checking,199575.96,2022-09-11,Closed
938,281,Savings,196554.13,2017-03-20,Active
939,14,Savings,12729.45,2019-10-16,Inactive
940,734,Savings,152862.51,2017-02-01,Inactive
941,498,Loan,153082.96,2022-10-24,Closed
942,1906,Loan,23980.55,2019-06-08,Closed
943,1140,Savings,70929.94,2023-01-13,Active
944,1447,Savings,77270.08,2015-10-06,Active
945,1026,Loan,3154.62,2023-04-18,Closed
946,354,Savings,32039.57,2018-03-19,Inactive
947,657,Loan,162951.20,2023-11-28,Closed
948,796,Checking,198218.26,2019-11-23,Closed
949,1440,Savings,67706.25,2017-10-30,Inactive
950,1772,Savings,161358.65,2015-12-16,Inactive
951,870,Savings,37623.81,2016-03-24,Closed
952,1981,Loan,149420.74,2021-05-28,Active
953,929,Loan,186726.14,2016-05-11,Inactive
954,1876,Checking,64103.91,2018-07-30,Inactive
955,816,Savings,6794.09,2020-06-16,Active
956,16,Loan,70762.00,2015-07-16,Closed
957,1526,Loan,67414.49,2022-12-27,Closed
958,31,Checking,172332.37,2025-02-27,Active
959,550,Savings,118727.02,2019-04-27,Closed
960,478,Loan,26721.95,2022-12-29,Inactive
963,1202,Savings,171660.71,2024-03-07,Active
964,1230,Loan,192797.64,2016-11-16,Active
965,1058,Checking,199855.79,2016-04-05,Inactive
966,1393,Checking,196252.71,2019-12-05,Closed
967,1491,Savings,99406.55,2024-02-06,Closed
968,1229,Checking,4057.81,2021-09-29,Inactive
969,1343,Savings,142215.96,2025-06-04,Active
970,2151,Loan,119708.96,2017-03-02,Active
972,1368,Checking,177625.88,2015-11-18,Active
973,870,Loan,159974.50,2021-07-25,Active
974,202,Checking,61953.45,2019-12-22,Closed
975,327,Loan,109561.77,2018-05-13,Closed
976,1218,Loan,131408.89,2020-06-29,Active
977,1654,Savings,62034.39,2024-12-02,Inactive
978,381,Loan,66319.94,2023-01-25,Closed
979,214,Savings,13283.88,2024-05-09,Closed
980,17,Savings,178226.18,2020-04-07,Active
981,1922,Checking,80900.73,2016-03-17,Active
982,1083,Savings,117966.20,2020-09-14,Closed
983,1015,Savings,66479.60,2017-03-29,Active
984,426,Loan,162355.77,2020-09-08,Inactive
985,895,Loan,141486.38,2023-12-16,Active
986,2088,Savings,197924.19,2017-03-28,Active
987,2143,Checking,115126.50,2019-11-21,Closed
988,769,Checking,109286.54,2015-07-27,Active
989,1761,Savings,122458.22,2024-03-04,Inactive
990,789,Loan,58187.61,2024-04-10,Active
991,1657,Loan,82014.38,2023-05-03,Closed
992,1179,Checking,49430.65,2023-10-06,Active
993,1722,Checking,129491.69,2025-04-07,Inactive
994,6,Savings,80811.77,2021-05-27,Active
995,1037,Loan,25202.30,2016-10-11,Active
996,492,Loan,49380.42,2020-12-16,Closed
997,165,Savings,199628.07,2022-04-11,Closed
998,191,Loan,13975.95,2018-03-11,Inactive
999,545,Savings,54948.09,2017-09-26,Active
1000,12,Loan,41646.10,2017-05-30,Active
1001,57,Checking,20944.21,2018-11-08,Active
1002,1832,Savings,28971.00,2023-03-22,Closed
1003,505,Checking,64684.88,2025-05-14,Inactive
1004,1552,Loan,103532.62,2016-01-14,Inactive
1005,1817,Loan,39910.56,2016-07-13,Closed
1006,598,Savings,77536.81,2022-03-25,Active
1007,995,Checking,97527.16,2024-11-23,Inactive
1008,1792,Savings,50048.31,2024-05-13,Inactive
1009,1899,Savings,11811.62,2020-04-03,Active
1010,1880,Loan,57459.12,2015-09-11,Inactive
1011,453,Checking,27709.92,2020-09-13,Inactive
1012,726,Checking,153695.24,2023-08-03,Inactive
1013,2170,Savings,117090.13,2022-05-01,Inactive
1014,1242,Loan,44475.31,2019-06-21,Active
1015,1129,Checking,192683.39,2019-05-15,Inactive
1016,658,Checking,43723.41,2015-08-28,Active
1017,71,Savings,128866.68,2025-05-11,Inactive
1018,897,Loan,101694.39,2020-09-24,Active
1019,450,Checking,144109.16,2023-06-22,Closed
1020,1044,Loan,19316.34,2017-02-28,Closed
